<?xml version="1.0" encoding="utf-8"?>
<install type="component"
         version="2.5"
         method="upgrade">
	<name>Ajax</name>
	<author>Matt Thomas</author>
	<creationDate>May 19, 2014</creationDate>
	<authorUrl>http://betweenbrain.com</authorUrl>
	<copyright>Copyright (C) 2013 betweenbrain llc. All rights reserved.</copyright>
	<license>GNU General Public License version 2, or later.</license>
	<version>2.5.3</version>
	<description>A Joomla! 1.5/2.5 Ajax interface</description>

	<files folder="site">
		<filename>ajax.php</filename>
		<filename>index.html</filename>
	</files>

	<languages folder="site">
		<language tag="en-GB">language/en-GB/en-GB.com_ajax.ini</language>
	</languages>

	<administration>
		<files folder="admin">
			<filename>ajax.php</filename>
			<filename>index.html</filename>
		</files>
	</administration>
</install>